ID,Nombre,Apellido
1,Dale,Hayes
2,Travis,Sampson
3,Christopher,Scott
4,Eric,Hernandez
5,Jon,Jones
6,Stephanie,Brown
7,Edward,Schmidt
8,Thomas,Sanchez
9,Laura,Peters
10,Rachel,Hill
11,Lisa,Long
12,Lauren,Alvarado
13,Elizabeth,Travis
14,Theresa,Rodriguez
15,Hannah,Galvan
16,Maria,Gonzales
17,Stephanie,Williams
18,Ashley,Scott
19,Laura,Wright
20,Lori,Torres
21,Matthew,Smith
22,Timothy,Richard
23,Brian,Rice
24,Ryan,Miller
25,Robert,Johnson
26,Laura,Edwards
27,Erika,Mueller
28,Caitlin,Fleming
29,Jeffrey,Jackson
30,Marissa,Foley
31,George,King
32,Nicole,Harvey
33,Logan,Long
34,Erica,Ellis
35,David,Hernandez
36,Shannon,Johnson
37,Steven,West
38,Adam,Lopez
39,Meghan,Castillo
40,John,Gardner
41,Jared,Reed
42,Frank,Gordon
43,Kimberly,Gonzalez
44,Margaret,Burns
45,Samuel,Adams
46,David,Cox
47,Anthony,Smith
48,Tonya,Arellano
49,Emily,Hughes
50,Brandon,King
51,Aimee,Williams
52,Brett,Long
53,Cameron,Williams
54,Brian,Miller
55,Ashley,Barber
56,Mary,Lee
57,Terry,Welch
58,Jeffrey,Ortiz
59,Katie,Marks
60,Angela,Preston
61,Joseph,Rodriguez
62,Jeffrey,Sweeney
63,Thomas,Wiley
64,Mark,Gutierrez
65,Tracy,Morrison
66,Joshua,Rodriguez
67,Curtis,Diaz
68,Sabrina,Mills
69,Melissa,Wallace
70,Richard,Smith
71,Andrew,Spencer
72,Kristopher,Aguilar
73,Jeffrey,Campbell
74,Dr.,Jordan
75,Norman,Moyer
76,Daniel,Jones
77,Troy,Bradley
78,Lance,Williams
79,Jacob,White
80,Cody,Garcia
81,Jennifer,Cross
82,Louis,Garcia
83,Robert,Whitehead
84,Jessica,Arias
85,John,Martin
86,Gregory,Cooper
87,Jennifer,Beasley
88,Kevin,Jenkins
89,Michael,Gutierrez
90,Heidi,Brandt
91,Anthony,Larson
92,Gregory,Burgess
93,Natasha,Hoffman
94,William,Taylor
95,Daniel,Howard
96,Matthew,Cochran
97,Nicole,Patterson
98,Kenneth,Mckenzie
99,Sara,Wilson
